model,language,persona,sample_id,Care,Equality,Proportionality,Loyalty,Authority,Purity
llama3.1:8b,en,none,0,5.0,3.1666666666666665,3.5,3.1666666666666665,3.0,2.6666666666666665
llama3.1:8b,en,none,1,4.833333333333333,4.166666666666667,3.8333333333333335,4.833333333333333,3.3333333333333335,2.1666666666666665
llama3.1:8b,en,none,2,5.0,4.5,3.3333333333333335,3.5,3.6666666666666665,2.1666666666666665
llama3.1:8b,en,none,3,5.0,4.166666666666667,2.6666666666666665,3.0,3.3333333333333335,2.1666666666666665
llama3.1:8b,en,none,4,5.0,3.6666666666666665,3.3333333333333335,3.1666666666666665,3.3333333333333335,2.8333333333333335
llama3.1:8b,en,none,5,5.0,3.5,3.8333333333333335,3.3333333333333335,3.3333333333333335,2.0
llama3.1:8b,en,none,6,5.0,2.5,3.1666666666666665,3.6666666666666665,3.6666666666666665,2.3333333333333335
llama3.1:8b,en,none,7,5.0,2.6666666666666665,3.1666666666666665,3.5,3.8333333333333335,2.6666666666666665
llama3.1:8b,en,none,8,5.0,3.5,3.0,3.6666666666666665,3.5,2.6666666666666665
llama3.1:8b,en,none,9,5.0,4.166666666666667,2.8333333333333335,2.5,3.1666666666666665,2.3333333333333335
llama3.1:8b,en,none,10,5.0,3.1666666666666665,4.166666666666667,4.166666666666667,4.0,2.5
llama3.1:8b,en,none,11,5.0,2.6666666666666665,3.6666666666666665,3.6666666666666665,3.5,2.0
llama3.1:8b,en,none,12,4.833333333333333,3.8333333333333335,3.6666666666666665,4.5,4.5,2.6666666666666665
llama3.1:8b,en,none,13,5.0,2.8333333333333335,3.0,4.0,3.3333333333333335,2.6666666666666665
llama3.1:8b,en,none,14,5.0,3.5,3.6666666666666665,2.0,2.8333333333333335,2.3333333333333335
llama3.1:8b,en,none,15,5.0,4.0,3.6666666666666665,2.0,2.6666666666666665,3.3333333333333335
llama3.1:8b,en,none,16,4.666666666666667,3.1666666666666665,3.5,3.6666666666666665,3.0,2.5
llama3.1:8b,en,none,17,5.0,4.166666666666667,3.0,2.3333333333333335,3.3333333333333335,2.1666666666666665
llama3.1:8b,en,none,18,5.0,3.8333333333333335,3.0,2.8333333333333335,3.8333333333333335,3.0
llama3.1:8b,en,none,19,4.833333333333333,4.333333333333333,2.8333333333333335,3.3333333333333335,3.1666666666666665,2.1666666666666665
llama3.1:8b,en,none,20,5.0,2.6666666666666665,3.6666666666666665,3.6666666666666665,3.3333333333333335,2.5
llama3.1:8b,en,none,21,4.833333333333333,3.5,3.1666666666666665,3.3333333333333335,3.0,3.0
llama3.1:8b,en,none,22,5.0,3.8333333333333335,4.0,2.3333333333333335,2.5,2.3333333333333335
llama3.1:8b,en,none,23,5.0,4.166666666666667,3.8333333333333335,3.1666666666666665,3.6666666666666665,2.1666666666666665
llama3.1:8b,en,none,24,5.0,3.6666666666666665,3.3333333333333335,3.5,2.8333333333333335,2.0
llama3.1:8b,en,none,25,5.0,3.6666666666666665,3.6666666666666665,3.6666666666666665,3.6666666666666665,2.0
llama3.1:8b,en,none,26,5.0,4.0,3.3333333333333335,4.0,3.6666666666666665,3.0
llama3.1:8b,en,none,27,5.0,3.1666666666666665,3.5,2.6666666666666665,3.0,1.3333333333333333
llama3.1:8b,en,none,28,4.833333333333333,3.1666666666666665,3.3333333333333335,3.0,3.0,2.5
llama3.1:8b,en,none,29,5.0,2.5,3.1666666666666665,3.0,2.6666666666666665,2.1666666666666665
llama3.1:8b,en,none,30,4.833333333333333,4.0,3.6666666666666665,2.6666666666666665,3.8333333333333335,1.8333333333333333
llama3.1:8b,en,none,31,5.0,3.6666666666666665,3.1666666666666665,2.8333333333333335,3.0,1.8333333333333333
llama3.1:8b,en,none,32,5.0,4.166666666666667,3.3333333333333335,3.1666666666666665,3.3333333333333335,2.3333333333333335
llama3.1:8b,en,none,33,5.0,3.1666666666666665,4.0,2.6666666666666665,2.5,1.5
llama3.1:8b,en,none,34,5.0,3.3333333333333335,3.0,3.3333333333333335,3.5,2.8333333333333335
llama3.1:8b,en,none,35,5.0,3.1666666666666665,3.5,2.1666666666666665,2.6666666666666665,2.6666666666666665
llama3.1:8b,en,none,36,5.0,3.0,3.6666666666666665,3.3333333333333335,3.1666666666666665,2.1666666666666665
llama3.1:8b,en,none,37,5.0,3.3333333333333335,3.1666666666666665,4.0,4.0,3.1666666666666665
llama3.1:8b,en,none,38,4.833333333333333,3.1666666666666665,3.1666666666666665,3.0,3.3333333333333335,1.8333333333333333
llama3.1:8b,en,none,39,5.0,3.8333333333333335,3.0,3.3333333333333335,3.3333333333333335,2.3333333333333335
qwen2.5:7b,en,none,0,5.0,2.6666666666666665,3.1666666666666665,3.6666666666666665,3.6666666666666665,2.0
qwen2.5:7b,en,none,1,5.0,2.6666666666666665,3.0,3.5,3.8333333333333335,1.8333333333333333
qwen2.5:7b,en,Peru,0,5.0,3.1666666666666665,3.0,4.0,4.333333333333333,2.3333333333333335
qwen2.5:7b,en,Peru,1,5.0,2.8333333333333335,3.1666666666666665,3.3333333333333335,2.8333333333333335,2.8333333333333335
qwen2.5:7b,es,none,0,4.833333333333333,2.6666666666666665,3.8333333333333335,2.5,3.8333333333333335,2.1666666666666665
qwen2.5:7b,es,none,1,4.833333333333333,3.3333333333333335,3.0,2.6666666666666665,3.5,2.1666666666666665
qwen2.5:7b,es,Peru,0,4.833333333333333,2.8333333333333335,3.3333333333333335,3.3333333333333335,4.0,2.1666666666666665
qwen2.5:7b,es,Peru,1,4.833333333333333,2.8333333333333335,3.3333333333333335,3.8333333333333335,4.0,2.1666666666666665
qwen2.5:7b,en,none,2,5.0,3.3333333333333335,2.8333333333333335,4.5,4.333333333333333,2.1666666666666665
qwen2.5:7b,en,none,3,5.0,2.8333333333333335,3.0,3.3333333333333335,4.0,2.0
qwen2.5:7b,en,none,4,5.0,3.0,3.6666666666666665,3.5,3.8333333333333335,2.1666666666666665
qwen2.5:7b,en,none,5,5.0,3.3333333333333335,3.0,4.166666666666667,4.333333333333333,2.3333333333333335
qwen2.5:7b,en,none,6,5.0,3.1666666666666665,2.5,3.5,3.8333333333333335,2.0
qwen2.5:7b,en,none,7,5.0,2.8333333333333335,3.6666666666666665,4.166666666666667,4.833333333333333,2.5
qwen2.5:7b,en,none,8,4.833333333333333,2.8333333333333335,2.6666666666666665,3.6666666666666665,3.0,1.8333333333333333
qwen2.5:7b,en,none,9,5.0,2.1666666666666665,2.3333333333333335,3.0,3.5,1.1666666666666667
qwen2.5:7b,en,none,10,5.0,2.6666666666666665,3.0,3.8333333333333335,4.166666666666667,2.3333333333333335
qwen2.5:7b,en,none,11,5.0,3.5,2.3333333333333335,4.166666666666667,4.0,2.3333333333333335
qwen2.5:7b,en,none,12,5.0,2.8333333333333335,3.3333333333333335,3.5,4.0,2.3333333333333335
qwen2.5:7b,en,none,13,5.0,3.3333333333333335,3.3333333333333335,3.8333333333333335,4.333333333333333,2.5
qwen2.5:7b,en,none,14,5.0,2.6666666666666665,3.0,3.6666666666666665,3.1666666666666665,2.0
qwen2.5:7b,en,none,15,5.0,2.8333333333333335,2.8333333333333335,3.1666666666666665,2.8333333333333335,2.3333333333333335
qwen2.5:7b,en,none,16,5.0,2.1666666666666665,3.0,3.3333333333333335,4.5,1.8333333333333333
qwen2.5:7b,en,none,17,5.0,3.0,2.5,3.3333333333333335,3.3333333333333335,1.8333333333333333
qwen2.5:7b,en,none,18,5.0,2.8333333333333335,3.5,3.6666666666666665,3.8333333333333335,2.0
qwen2.5:7b,en,none,19,5.0,3.3333333333333335,3.1666666666666665,4.166666666666667,4.0,2.3333333333333335
qwen2.5:7b,en,none,20,5.0,3.3333333333333335,2.8333333333333335,3.6666666666666665,3.6666666666666665,2.0
qwen2.5:7b,en,none,21,5.0,3.5,2.6666666666666665,3.6666666666666665,3.8333333333333335,2.0
qwen2.5:7b,en,none,22,5.0,2.8333333333333335,3.0,3.6666666666666665,4.666666666666667,2.6666666666666665
qwen2.5:7b,en,none,23,5.0,2.5,3.3333333333333335,3.6666666666666665,4.0,2.0
qwen2.5:7b,en,none,24,5.0,3.8333333333333335,3.3333333333333335,4.0,3.8333333333333335,2.3333333333333335
qwen2.5:7b,en,none,25,5.0,3.1666666666666665,3.3333333333333335,4.833333333333333,4.5,2.3333333333333335
qwen2.5:7b,en,none,26,5.0,3.1666666666666665,3.3333333333333335,3.5,3.8333333333333335,2.3333333333333335
qwen2.5:7b,en,none,27,5.0,2.1666666666666665,3.5,3.5,3.8333333333333335,2.0
qwen2.5:7b,en,none,28,5.0,2.8333333333333335,2.8333333333333335,3.6666666666666665,4.0,2.3333333333333335
qwen2.5:7b,en,none,29,5.0,3.0,3.3333333333333335,3.8333333333333335,4.833333333333333,2.5
qwen2.5:7b,en,none,30,5.0,2.5,3.0,3.1666666666666665,3.6666666666666665,2.1666666666666665
qwen2.5:7b,en,none,31,5.0,2.3333333333333335,3.1666666666666665,3.1666666666666665,3.1666666666666665,2.5
qwen2.5:7b,en,none,32,5.0,3.0,3.1666666666666665,4.5,4.5,2.3333333333333335
qwen2.5:7b,en,none,33,5.0,3.1666666666666665,3.6666666666666665,4.833333333333333,4.833333333333333,2.5
qwen2.5:7b,en,none,34,5.0,2.5,2.8333333333333335,3.6666666666666665,4.0,2.0
qwen2.5:7b,en,none,35,5.0,2.5,3.1666666666666665,3.3333333333333335,3.6666666666666665,2.3333333333333335
qwen2.5:7b,en,none,36,5.0,3.3333333333333335,4.166666666666667,3.8333333333333335,4.833333333333333,2.6666666666666665
qwen2.5:7b,en,none,37,5.0,3.0,3.1666666666666665,3.8333333333333335,3.1666666666666665,1.8333333333333333
qwen2.5:7b,en,none,38,5.0,3.5,3.1666666666666665,4.5,4.166666666666667,2.5
qwen2.5:7b,en,none,39,5.0,2.5,2.6666666666666665,3.8333333333333335,2.6666666666666665,2.1666666666666665
qwen2.5:7b,en,none,40,5.0,2.1666666666666665,2.8333333333333335,3.1666666666666665,4.0,2.0
qwen2.5:7b,en,none,41,5.0,3.1666666666666665,3.5,3.5,3.8333333333333335,2.3333333333333335
qwen2.5:7b,en,none,42,5.0,3.3333333333333335,3.1666666666666665,4.5,5.0,2.6666666666666665
qwen2.5:7b,en,none,43,5.0,3.0,3.0,3.3333333333333335,4.333333333333333,2.6666666666666665
qwen2.5:7b,en,none,44,5.0,3.1666666666666665,3.3333333333333335,3.6666666666666665,4.166666666666667,2.1666666666666665
qwen2.5:7b,en,none,45,5.0,3.3333333333333335,3.1666666666666665,4.666666666666667,5.0,3.0
qwen2.5:7b,en,none,46,4.833333333333333,3.0,3.1666666666666665,3.0,3.0,2.0
qwen2.5:7b,en,none,47,5.0,2.5,3.1666666666666665,4.0,3.0,2.3333333333333335
qwen2.5:7b,en,none,48,4.833333333333333,3.5,3.3333333333333335,3.8333333333333335,4.5,2.6666666666666665
qwen2.5:7b,en,none,49,5.0,2.8333333333333335,3.0,3.5,4.0,2.3333333333333335
qwen2.5:7b,en,Argentina,0,5.0,3.3333333333333335,3.8333333333333335,4.333333333333333,4.5,2.6666666666666665
qwen2.5:7b,en,Argentina,1,5.0,2.8333333333333335,3.1666666666666665,4.5,4.166666666666667,2.0
qwen2.5:7b,en,Argentina,2,5.0,3.1666666666666665,3.1666666666666665,3.3333333333333335,3.6666666666666665,2.0
qwen2.5:7b,en,Argentina,3,4.833333333333333,2.8333333333333335,3.0,3.5,3.0,1.8333333333333333
qwen2.5:7b,en,Argentina,4,5.0,3.6666666666666665,3.3333333333333335,4.833333333333333,4.833333333333333,3.1666666666666665
qwen2.5:7b,en,Argentina,5,5.0,2.8333333333333335,2.8333333333333335,4.5,3.0,1.8333333333333333
qwen2.5:7b,en,Argentina,6,5.0,3.3333333333333335,3.1666666666666665,3.3333333333333335,4.0,2.3333333333333335
qwen2.5:7b,en,Argentina,7,5.0,3.3333333333333335,3.0,3.6666666666666665,3.8333333333333335,2.3333333333333335
qwen2.5:7b,en,Argentina,8,5.0,3.0,2.3333333333333335,4.5,3.8333333333333335,2.3333333333333335
qwen2.5:7b,en,Argentina,9,5.0,3.1666666666666665,2.5,4.0,3.6666666666666665,2.1666666666666665
qwen2.5:7b,en,Argentina,10,5.0,3.0,3.1666666666666665,4.166666666666667,3.8333333333333335,1.5
qwen2.5:7b,en,Argentina,11,5.0,3.5,3.6666666666666665,4.166666666666667,4.166666666666667,2.3333333333333335
qwen2.5:7b,en,Argentina,12,5.0,3.3333333333333335,3.3333333333333335,4.666666666666667,4.166666666666667,2.5
qwen2.5:7b,en,Argentina,13,5.0,3.3333333333333335,3.1666666666666665,4.333333333333333,4.0,2.3333333333333335
qwen2.5:7b,en,Argentina,14,5.0,3.5,3.1666666666666665,3.6666666666666665,3.8333333333333335,2.1666666666666665
qwen2.5:7b,en,Argentina,15,5.0,3.0,2.6666666666666665,3.8333333333333335,3.6666666666666665,2.5
qwen2.5:7b,en,Argentina,16,5.0,3.6666666666666665,3.1666666666666665,3.5,4.0,2.8333333333333335
qwen2.5:7b,en,Argentina,17,5.0,2.8333333333333335,2.6666666666666665,3.6666666666666665,4.166666666666667,2.0
qwen2.5:7b,en,Argentina,18,5.0,1.8333333333333333,3.1666666666666665,3.5,3.3333333333333335,1.1666666666666667
qwen2.5:7b,en,Argentina,19,5.0,3.6666666666666665,3.3333333333333335,4.166666666666667,4.666666666666667,2.6666666666666665
qwen2.5:7b,en,Argentina,20,5.0,3.0,2.1666666666666665,3.6666666666666665,3.6666666666666665,2.0
qwen2.5:7b,en,Argentina,21,5.0,3.5,3.5,4.666666666666667,4.333333333333333,2.6666666666666665
qwen2.5:7b,en,Argentina,22,5.0,2.8333333333333335,3.1666666666666665,4.166666666666667,4.0,2.0
qwen2.5:7b,en,Argentina,23,5.0,3.0,3.1666666666666665,3.3333333333333335,3.3333333333333335,2.1666666666666665
qwen2.5:7b,en,Argentina,24,5.0,3.1666666666666665,2.5,3.5,4.5,2.3333333333333335
qwen2.5:7b,en,Argentina,25,5.0,3.3333333333333335,3.1666666666666665,3.5,3.5,2.1666666666666665
qwen2.5:7b,en,Argentina,26,5.0,3.5,3.1666666666666665,4.333333333333333,3.6666666666666665,2.3333333333333335
qwen2.5:7b,en,Argentina,27,5.0,2.6666666666666665,2.5,3.8333333333333335,3.6666666666666665,2.1666666666666665
qwen2.5:7b,en,Argentina,28,5.0,2.6666666666666665,3.5,4.333333333333333,4.5,2.3333333333333335
qwen2.5:7b,en,Argentina,29,5.0,3.0,3.1666666666666665,3.6666666666666665,3.5,2.5
qwen2.5:7b,en,Argentina,30,5.0,3.0,3.0,3.6666666666666665,4.166666666666667,2.1666666666666665
qwen2.5:7b,en,Argentina,31,5.0,3.6666666666666665,3.0,3.5,4.166666666666667,2.0
qwen2.5:7b,en,Argentina,32,5.0,2.0,3.5,3.6666666666666665,3.6666666666666665,2.1666666666666665
qwen2.5:7b,en,Argentina,33,5.0,3.5,2.8333333333333335,4.166666666666667,4.333333333333333,2.8333333333333335
qwen2.5:7b,en,Argentina,34,5.0,3.5,2.8333333333333335,3.6666666666666665,3.6666666666666665,2.1666666666666665
qwen2.5:7b,en,Argentina,35,5.0,3.1666666666666665,2.6666666666666665,4.333333333333333,4.333333333333333,2.1666666666666665
qwen2.5:7b,en,Argentina,36,5.0,3.0,3.0,4.0,4.333333333333333,2.5
qwen2.5:7b,en,Argentina,37,5.0,1.8333333333333333,2.6666666666666665,3.8333333333333335,4.166666666666667,1.5
qwen2.5:7b,en,Argentina,38,4.833333333333333,2.8333333333333335,3.1666666666666665,3.0,2.6666666666666665,1.6666666666666667
qwen2.5:7b,en,Argentina,39,5.0,3.5,3.3333333333333335,4.166666666666667,4.833333333333333,2.8333333333333335
qwen2.5:7b,en,Argentina,40,4.833333333333333,3.0,3.1666666666666665,4.5,4.5,2.6666666666666665
qwen2.5:7b,en,Argentina,41,5.0,3.0,3.6666666666666665,4.166666666666667,4.166666666666667,2.3333333333333335
qwen2.5:7b,en,Argentina,42,5.0,3.1666666666666665,2.8333333333333335,3.6666666666666665,3.3333333333333335,2.0
qwen2.5:7b,en,Argentina,43,5.0,3.6666666666666665,3.8333333333333335,4.666666666666667,5.0,3.1666666666666665
qwen2.5:7b,en,Argentina,44,5.0,3.0,3.0,4.5,4.333333333333333,2.6666666666666665
qwen2.5:7b,en,Argentina,45,4.833333333333333,1.8333333333333333,3.0,4.166666666666667,4.333333333333333,2.0
qwen2.5:7b,en,Argentina,46,5.0,3.0,3.1666666666666665,3.8333333333333335,3.8333333333333335,2.1666666666666665
qwen2.5:7b,en,Argentina,47,5.0,3.3333333333333335,3.0,3.8333333333333335,3.8333333333333335,1.8333333333333333
qwen2.5:7b,en,Argentina,48,5.0,3.3333333333333335,4.0,4.666666666666667,4.0,2.6666666666666665
qwen2.5:7b,en,Argentina,49,5.0,3.3333333333333335,3.3333333333333335,3.3333333333333335,3.1666666666666665,2.1666666666666665
qwen2.5:7b,en,Chile,0,5.0,3.3333333333333335,3.3333333333333335,4.833333333333333,5.0,3.3333333333333335
qwen2.5:7b,en,Chile,1,5.0,3.5,3.6666666666666665,4.5,4.0,2.8333333333333335
qwen2.5:7b,en,Chile,2,5.0,2.8333333333333335,2.6666666666666665,3.6666666666666665,4.0,2.0
qwen2.5:7b,en,Chile,3,5.0,2.1666666666666665,2.8333333333333335,3.5,3.3333333333333335,2.0
qwen2.5:7b,en,Chile,4,5.0,3.6666666666666665,3.6666666666666665,4.666666666666667,5.0,3.1666666666666665
qwen2.5:7b,en,Chile,5,5.0,3.3333333333333335,2.6666666666666665,3.8333333333333335,3.8333333333333335,2.1666666666666665
qwen2.5:7b,en,Chile,6,5.0,3.5,3.0,4.333333333333333,4.5,2.6666666666666665
qwen2.5:7b,en,Chile,7,5.0,2.1666666666666665,2.5,2.8333333333333335,3.3333333333333335,2.1666666666666665
qwen2.5:7b,en,Chile,8,5.0,2.5,2.8333333333333335,3.8333333333333335,4.333333333333333,2.5
qwen2.5:7b,en,Chile,9,5.0,2.1666666666666665,3.6666666666666665,3.3333333333333335,4.0,2.0
qwen2.5:7b,en,Chile,10,5.0,2.8333333333333335,3.0,4.333333333333333,4.333333333333333,2.5
qwen2.5:7b,en,Chile,11,5.0,3.3333333333333335,2.8333333333333335,3.6666666666666665,3.6666666666666665,2.3333333333333335
qwen2.5:7b,en,Chile,12,5.0,3.8333333333333335,3.0,4.5,4.5,2.8333333333333335
qwen2.5:7b,en,Chile,13,5.0,2.6666666666666665,3.0,4.333333333333333,4.166666666666667,2.6666666666666665
qwen2.5:7b,en,Chile,14,5.0,2.5,3.1666666666666665,3.8333333333333335,3.8333333333333335,2.3333333333333335
qwen2.5:7b,en,Chile,15,5.0,3.5,3.3333333333333335,4.833333333333333,4.833333333333333,2.8333333333333335
qwen2.5:7b,en,Chile,16,5.0,3.5,2.6666666666666665,3.0,4.0,2.0
qwen2.5:7b,en,Chile,17,5.0,3.0,3.0,3.6666666666666665,4.166666666666667,2.6666666666666665
qwen2.5:7b,en,Chile,18,5.0,3.0,3.5,4.833333333333333,5.0,2.6666666666666665
qwen2.5:7b,en,Chile,19,5.0,3.3333333333333335,3.0,4.833333333333333,4.5,3.1666666666666665
qwen2.5:7b,en,Chile,20,5.0,3.0,3.1666666666666665,4.5,4.0,2.3333333333333335
qwen2.5:7b,en,Chile,21,5.0,3.3333333333333335,2.1666666666666665,4.0,3.8333333333333335,2.8333333333333335
qwen2.5:7b,en,Chile,22,5.0,2.5,2.5,3.8333333333333335,3.8333333333333335,2.1666666666666665
qwen2.5:7b,en,Chile,23,5.0,3.1666666666666665,2.5,3.1666666666666665,3.6666666666666665,2.3333333333333335
qwen2.5:7b,en,Chile,24,5.0,2.5,2.5,4.0,4.5,2.5
qwen2.5:7b,en,Chile,25,5.0,2.6666666666666665,2.8333333333333335,4.666666666666667,3.8333333333333335,2.6666666666666665
qwen2.5:7b,en,Chile,26,5.0,3.1666666666666665,3.1666666666666665,3.8333333333333335,3.8333333333333335,3.0
qwen2.5:7b,en,Chile,27,5.0,3.0,3.1666666666666665,3.6666666666666665,3.8333333333333335,2.3333333333333335
qwen2.5:7b,en,Chile,28,5.0,3.3333333333333335,3.1666666666666665,4.666666666666667,4.5,2.8333333333333335
qwen2.5:7b,en,Chile,29,5.0,3.3333333333333335,3.0,4.5,4.166666666666667,2.3333333333333335
qwen2.5:7b,en,Chile,30,5.0,2.3333333333333335,2.8333333333333335,3.6666666666666665,3.0,2.0
qwen2.5:7b,en,Chile,31,5.0,2.5,2.3333333333333335,3.6666666666666665,3.6666666666666665,2.6666666666666665
qwen2.5:7b,en,Chile,32,5.0,3.3333333333333335,2.8333333333333335,3.5,4.5,2.0
qwen2.5:7b,en,Chile,33,5.0,2.8333333333333335,2.6666666666666665,3.6666666666666665,3.6666666666666665,2.5
qwen2.5:7b,en,Chile,34,5.0,3.5,3.3333333333333335,4.666666666666667,3.8333333333333335,3.0
qwen2.5:7b,en,Chile,35,5.0,2.6666666666666665,3.1666666666666665,4.5,3.8333333333333335,2.3333333333333335
qwen2.5:7b,en,Chile,36,5.0,2.8333333333333335,2.8333333333333335,3.6666666666666665,4.166666666666667,2.5
qwen2.5:7b,en,Chile,37,5.0,2.3333333333333335,2.6666666666666665,3.5,3.1666666666666665,2.1666666666666665
qwen2.5:7b,en,Chile,38,5.0,2.8333333333333335,3.0,4.333333333333333,4.166666666666667,2.1666666666666665
qwen2.5:7b,en,Chile,39,5.0,3.1666666666666665,2.8333333333333335,3.6666666666666665,3.5,2.5
qwen2.5:7b,en,Chile,40,5.0,3.1666666666666665,3.1666666666666665,4.166666666666667,4.333333333333333,2.8333333333333335
qwen2.5:7b,en,Chile,41,5.0,2.0,2.6666666666666665,3.8333333333333335,3.1666666666666665,1.8333333333333333
qwen2.5:7b,en,Chile,42,5.0,3.0,3.6666666666666665,4.333333333333333,3.8333333333333335,3.0
qwen2.5:7b,en,Chile,43,5.0,3.6666666666666665,3.3333333333333335,4.5,4.5,2.8333333333333335
qwen2.5:7b,en,Chile,44,5.0,2.8333333333333335,2.8333333333333335,3.6666666666666665,4.666666666666667,2.3333333333333335
qwen2.5:7b,en,Chile,45,5.0,2.5,2.6666666666666665,3.1666666666666665,3.3333333333333335,1.8333333333333333
qwen2.5:7b,en,Chile,46,5.0,3.3333333333333335,2.3333333333333335,3.3333333333333335,3.8333333333333335,2.0
qwen2.5:7b,en,Chile,47,5.0,2.0,3.5,4.0,4.0,2.0
qwen2.5:7b,en,Chile,48,5.0,3.5,2.5,3.8333333333333335,4.5,2.1666666666666665
qwen2.5:7b,en,Chile,49,5.0,3.6666666666666665,3.0,3.6666666666666665,3.6666666666666665,2.5
qwen2.5:7b,en,Colombia,0,5.0,3.0,2.8333333333333335,4.666666666666667,4.0,2.3333333333333335
qwen2.5:7b,en,Colombia,1,4.833333333333333,2.0,2.8333333333333335,3.8333333333333335,4.666666666666667,2.3333333333333335
qwen2.5:7b,en,Colombia,2,5.0,2.8333333333333335,3.1666666666666665,4.5,3.6666666666666665,2.1666666666666665
qwen2.5:7b,en,Colombia,3,5.0,3.1666666666666665,3.5,4.666666666666667,4.5,2.5
qwen2.5:7b,en,Colombia,4,5.0,3.3333333333333335,3.3333333333333335,3.8333333333333335,3.6666666666666665,2.1666666666666665
qwen2.5:7b,en,Colombia,5,5.0,3.1666666666666665,3.0,3.3333333333333335,4.166666666666667,2.1666666666666665
qwen2.5:7b,en,Colombia,6,5.0,2.8333333333333335,3.0,3.3333333333333335,3.6666666666666665,2.3333333333333335
qwen2.5:7b,en,Colombia,7,4.833333333333333,2.8333333333333335,2.8333333333333335,4.5,3.8333333333333335,2.6666666666666665
qwen2.5:7b,en,Colombia,8,5.0,2.5,2.5,3.5,4.166666666666667,2.5
qwen2.5:7b,en,Colombia,9,5.0,2.6666666666666665,2.6666666666666665,4.166666666666667,3.8333333333333335,2.5
qwen2.5:7b,en,Colombia,10,5.0,3.3333333333333335,3.1666666666666665,3.8333333333333335,3.6666666666666665,2.6666666666666665
qwen2.5:7b,en,Colombia,11,5.0,2.8333333333333335,3.3333333333333335,4.0,4.5,2.5
qwen2.5:7b,en,Colombia,12,5.0,3.1666666666666665,3.3333333333333335,4.0,4.333333333333333,2.1666666666666665
qwen2.5:7b,en,Colombia,13,5.0,3.5,3.1666666666666665,4.666666666666667,4.333333333333333,2.3333333333333335
qwen2.5:7b,en,Colombia,14,5.0,3.0,2.8333333333333335,3.5,3.6666666666666665,2.3333333333333335
qwen2.5:7b,en,Colombia,15,5.0,2.8333333333333335,3.1666666666666665,3.8333333333333335,3.6666666666666665,2.3333333333333335
qwen2.5:7b,en,Colombia,16,5.0,2.1666666666666665,3.6666666666666665,3.0,2.8333333333333335,1.8333333333333333
qwen2.5:7b,en,Colombia,17,5.0,3.6666666666666665,3.0,3.6666666666666665,4.166666666666667,2.5
qwen2.5:7b,en,Colombia,18,5.0,2.3333333333333335,3.1666666666666665,4.5,3.6666666666666665,2.3333333333333335
qwen2.5:7b,en,Colombia,19,5.0,3.3333333333333335,3.5,4.833333333333333,4.5,2.3333333333333335
qwen2.5:7b,en,Colombia,20,5.0,3.0,3.5,4.166666666666667,4.166666666666667,2.6666666666666665
qwen2.5:7b,en,Colombia,21,5.0,3.1666666666666665,2.8333333333333335,3.3333333333333335,4.166666666666667,2.0
qwen2.5:7b,en,Colombia,22,5.0,2.8333333333333335,2.8333333333333335,3.3333333333333335,3.1666666666666665,1.8333333333333333
qwen2.5:7b,en,Colombia,23,5.0,3.1666666666666665,4.0,4.666666666666667,4.333333333333333,2.5
qwen2.5:7b,en,Colombia,24,5.0,3.6666666666666665,3.3333333333333335,4.5,4.666666666666667,2.5
qwen2.5:7b,en,Colombia,25,5.0,2.6666666666666665,2.6666666666666665,3.5,3.6666666666666665,1.8333333333333333
qwen2.5:7b,en,Colombia,26,5.0,2.6666666666666665,3.0,3.8333333333333335,4.0,2.8333333333333335
qwen2.5:7b,en,Colombia,27,5.0,2.6666666666666665,2.6666666666666665,4.0,3.8333333333333335,2.3333333333333335
qwen2.5:7b,en,Colombia,28,5.0,2.6666666666666665,3.0,3.6666666666666665,3.1666666666666665,2.1666666666666665
qwen2.5:7b,en,Colombia,29,5.0,2.8333333333333335,3.6666666666666665,3.5,3.6666666666666665,2.0
qwen2.5:7b,en,Colombia,30,5.0,2.6666666666666665,3.0,3.1666666666666665,4.166666666666667,2.5
qwen2.5:7b,en,Colombia,31,5.0,3.1666666666666665,3.0,4.0,4.333333333333333,2.3333333333333335
qwen2.5:7b,en,Colombia,32,5.0,3.8333333333333335,3.3333333333333335,4.833333333333333,5.0,2.8333333333333335
qwen2.5:7b,en,Colombia,33,5.0,3.6666666666666665,3.3333333333333335,3.8333333333333335,4.0,2.3333333333333335
qwen2.5:7b,en,Colombia,34,5.0,2.5,2.8333333333333335,3.3333333333333335,2.6666666666666665,2.0
qwen2.5:7b,en,Colombia,35,5.0,3.6666666666666665,3.1666666666666665,4.833333333333333,3.8333333333333335,2.8333333333333335
qwen2.5:7b,en,Colombia,36,5.0,2.1666666666666665,3.1666666666666665,3.8333333333333335,3.0,2.1666666666666665
qwen2.5:7b,en,Colombia,37,5.0,3.1666666666666665,3.1666666666666665,3.8333333333333335,3.8333333333333335,2.5
qwen2.5:7b,en,Colombia,38,4.833333333333333,2.8333333333333335,2.5,3.6666666666666665,4.0,2.3333333333333335
qwen2.5:7b,en,Colombia,39,5.0,2.1666666666666665,3.3333333333333335,3.6666666666666665,3.8333333333333335,2.3333333333333335
qwen2.5:7b,en,Colombia,40,5.0,3.0,3.5,4.0,3.8333333333333335,2.8333333333333335
qwen2.5:7b,en,Colombia,41,5.0,3.5,3.3333333333333335,4.833333333333333,4.666666666666667,2.8333333333333335
qwen2.5:7b,en,Colombia,42,5.0,2.8333333333333335,3.3333333333333335,4.166666666666667,4.333333333333333,2.6666666666666665
qwen2.5:7b,en,Colombia,43,5.0,2.6666666666666665,3.0,4.5,4.666666666666667,2.5
qwen2.5:7b,en,Colombia,44,5.0,3.5,3.5,4.833333333333333,5.0,2.8333333333333335
qwen2.5:7b,en,Colombia,45,5.0,3.0,2.5,3.3333333333333335,3.1666666666666665,2.0
qwen2.5:7b,en,Colombia,46,4.833333333333333,3.1666666666666665,3.0,3.3333333333333335,3.8333333333333335,2.3333333333333335
qwen2.5:7b,en,Colombia,47,5.0,3.0,2.6666666666666665,4.666666666666667,4.333333333333333,2.5
qwen2.5:7b,en,Colombia,48,5.0,2.5,4.333333333333333,4.5,4.5,2.8333333333333335
qwen2.5:7b,en,Colombia,49,5.0,2.1666666666666665,3.0,4.0,3.6666666666666665,2.1666666666666665
qwen2.5:7b,en,Mexico,0,5.0,2.8333333333333335,3.3333333333333335,4.333333333333333,4.0,2.5
qwen2.5:7b,en,Mexico,1,5.0,2.6666666666666665,3.0,4.666666666666667,4.0,2.5
qwen2.5:7b,en,Mexico,2,5.0,3.1666666666666665,2.6666666666666665,3.3333333333333335,3.6666666666666665,2.1666666666666665
qwen2.5:7b,en,Mexico,3,5.0,3.1666666666666665,3.0,4.5,4.5,2.6666666666666665
qwen2.5:7b,en,Mexico,4,5.0,2.0,3.1666666666666665,3.1666666666666665,2.8333333333333335,1.6666666666666667
qwen2.5:7b,en,Mexico,5,5.0,3.3333333333333335,3.3333333333333335,4.166666666666667,4.833333333333333,3.0
qwen2.5:7b,en,Mexico,6,5.0,3.5,3.1666666666666665,3.6666666666666665,4.166666666666667,2.5
qwen2.5:7b,en,Mexico,7,5.0,2.0,2.8333333333333335,3.6666666666666665,3.5,1.8333333333333333
qwen2.5:7b,en,Mexico,8,5.0,3.5,3.3333333333333335,4.833333333333333,4.666666666666667,2.3333333333333335
qwen2.5:7b,en,Mexico,9,5.0,2.8333333333333335,3.3333333333333335,4.333333333333333,4.0,2.1666666666666665
qwen2.5:7b,en,Mexico,10,5.0,2.6666666666666665,2.6666666666666665,4.5,3.6666666666666665,2.3333333333333335
qwen2.5:7b,en,Mexico,11,5.0,3.6666666666666665,3.5,4.833333333333333,5.0,3.3333333333333335
qwen2.5:7b,en,Mexico,12,5.0,2.8333333333333335,2.8333333333333335,3.1666666666666665,3.3333333333333335,2.1666666666666665
qwen2.5:7b,en,Mexico,13,5.0,3.1666666666666665,3.1666666666666665,4.5,4.166666666666667,2.5
qwen2.5:7b,en,Mexico,14,5.0,3.0,2.8333333333333335,4.0,4.333333333333333,2.3333333333333335
qwen2.5:7b,en,Mexico,15,5.0,2.8333333333333335,3.1666666666666665,4.5,3.8333333333333335,2.3333333333333335
qwen2.5:7b,en,Mexico,16,5.0,3.1666666666666665,2.6666666666666665,3.6666666666666665,4.5,2.5
qwen2.5:7b,en,Mexico,17,5.0,2.5,2.5,4.166666666666667,4.333333333333333,2.5
qwen2.5:7b,en,Mexico,18,5.0,3.6666666666666665,3.3333333333333335,4.833333333333333,4.833333333333333,3.0
qwen2.5:7b,en,Mexico,19,5.0,2.8333333333333335,3.3333333333333335,4.5,4.166666666666667,2.5
qwen2.5:7b,en,Mexico,20,5.0,2.8333333333333335,3.8333333333333335,3.8333333333333335,3.8333333333333335,2.5
qwen2.5:7b,en,Mexico,21,5.0,2.1666666666666665,3.6666666666666665,3.6666666666666665,4.166666666666667,2.5
qwen2.5:7b,en,Mexico,22,5.0,3.3333333333333335,3.3333333333333335,4.666666666666667,5.0,3.0
qwen2.5:7b,en,Mexico,23,5.0,2.5,2.5,3.6666666666666665,3.3333333333333335,2.0
qwen2.5:7b,en,Mexico,24,5.0,3.5,3.3333333333333335,4.666666666666667,4.833333333333333,2.6666666666666665
qwen2.5:7b,en,Mexico,25,5.0,2.6666666666666665,3.0,4.333333333333333,4.166666666666667,2.5
qwen2.5:7b,en,Mexico,26,5.0,3.1666666666666665,3.0,3.8333333333333335,3.8333333333333335,2.6666666666666665
qwen2.5:7b,en,Mexico,27,5.0,3.5,3.1666666666666665,4.166666666666667,4.0,2.8333333333333335
qwen2.5:7b,en,Mexico,28,5.0,2.6666666666666665,2.6666666666666665,3.6666666666666665,3.3333333333333335,1.6666666666666667
qwen2.5:7b,en,Mexico,29,5.0,3.0,2.8333333333333335,4.0,4.166666666666667,2.5
qwen2.5:7b,en,Mexico,30,5.0,3.1666666666666665,3.1666666666666665,3.3333333333333335,4.5,2.6666666666666665
qwen2.5:7b,en,Mexico,31,5.0,3.3333333333333335,4.0,4.666666666666667,5.0,2.6666666666666665
qwen2.5:7b,en,Mexico,32,5.0,2.5,2.8333333333333335,3.5,3.5,2.0
qwen2.5:7b,en,Mexico,33,5.0,2.3333333333333335,3.0,4.0,4.666666666666667,2.5
qwen2.5:7b,en,Mexico,34,5.0,3.1666666666666665,3.5,3.8333333333333335,4.0,2.5
qwen2.5:7b,en,Mexico,35,5.0,3.1666666666666665,3.6666666666666665,4.166666666666667,4.0,2.8333333333333335
qwen2.5:7b,en,Mexico,36,5.0,3.1666666666666665,3.6666666666666665,4.5,4.166666666666667,2.5
qwen2.5:7b,en,Mexico,37,5.0,2.6666666666666665,3.0,3.1666666666666665,3.3333333333333335,2.1666666666666665
qwen2.5:7b,en,Mexico,38,4.0,2.1666666666666665,2.8333333333333335,3.1666666666666665,3.0,2.0
qwen2.5:7b,en,Mexico,39,5.0,2.8333333333333335,3.0,3.8333333333333335,4.333333333333333,2.1666666666666665
qwen2.5:7b,en,Mexico,40,5.0,3.1666666666666665,3.0,3.8333333333333335,3.6666666666666665,2.5
qwen2.5:7b,en,Mexico,41,4.833333333333333,2.8333333333333335,3.0,4.666666666666667,4.5,2.8333333333333335
qwen2.5:7b,en,Mexico,42,5.0,3.0,2.8333333333333335,3.3333333333333335,3.8333333333333335,2.1666666666666665
qwen2.5:7b,en,Mexico,43,5.0,3.1666666666666665,3.0,4.166666666666667,3.8333333333333335,2.3333333333333335
qwen2.5:7b,en,Mexico,44,5.0,3.1666666666666665,3.0,4.666666666666667,4.0,2.5
qwen2.5:7b,en,Mexico,45,5.0,3.0,3.1666666666666665,4.0,4.0,2.1666666666666665
qwen2.5:7b,en,Mexico,46,5.0,2.0,3.3333333333333335,3.0,3.3333333333333335,2.0
qwen2.5:7b,en,Mexico,47,4.833333333333333,3.3333333333333335,3.3333333333333335,4.333333333333333,4.666666666666667,2.8333333333333335
qwen2.5:7b,en,Mexico,48,5.0,2.1666666666666665,3.8333333333333335,3.6666666666666665,3.8333333333333335,2.5
qwen2.5:7b,en,Mexico,49,4.833333333333333,3.0,2.6666666666666665,3.5,3.8333333333333335,2.3333333333333335
qwen2.5:7b,en,Peru,2,4.833333333333333,3.0,2.6666666666666665,4.0,4.333333333333333,2.3333333333333335
qwen2.5:7b,en,Peru,3,5.0,3.3333333333333335,3.5,4.833333333333333,5.0,2.6666666666666665
qwen2.5:7b,en,Peru,4,5.0,2.8333333333333335,2.5,4.333333333333333,4.333333333333333,2.1666666666666665
qwen2.5:7b,en,Peru,5,5.0,3.1666666666666665,3.1666666666666665,4.833333333333333,5.0,3.0
qwen2.5:7b,en,Peru,6,5.0,2.3333333333333335,3.3333333333333335,4.166666666666667,4.0,2.3333333333333335
qwen2.5:7b,en,Peru,7,5.0,3.1666666666666665,2.6666666666666665,4.166666666666667,4.0,2.3333333333333335
qwen2.5:7b,en,Peru,8,5.0,3.0,2.8333333333333335,4.333333333333333,3.5,2.5
qwen2.5:7b,en,Peru,9,5.0,3.3333333333333335,3.5,4.833333333333333,4.5,2.8333333333333335
qwen2.5:7b,en,Peru,10,5.0,3.6666666666666665,3.1666666666666665,4.833333333333333,5.0,2.5
qwen2.5:7b,en,Peru,11,5.0,3.5,3.3333333333333335,4.833333333333333,4.666666666666667,2.3333333333333335
qwen2.5:7b,en,Peru,12,5.0,3.3333333333333335,3.0,4.666666666666667,4.333333333333333,2.6666666666666665
qwen2.5:7b,en,Peru,13,5.0,2.6666666666666665,3.0,4.166666666666667,3.8333333333333335,2.5
qwen2.5:7b,en,Peru,14,5.0,2.5,2.6666666666666665,3.1666666666666665,2.6666666666666665,2.0
qwen2.5:7b,en,Peru,15,5.0,3.0,2.6666666666666665,4.166666666666667,4.166666666666667,2.1666666666666665
qwen2.5:7b,en,Peru,16,5.0,3.3333333333333335,2.6666666666666665,4.333333333333333,3.8333333333333335,3.0
qwen2.5:7b,en,Peru,17,5.0,3.1666666666666665,2.6666666666666665,3.6666666666666665,3.8333333333333335,2.0
qwen2.5:7b,en,Peru,18,5.0,3.5,3.0,3.6666666666666665,3.6666666666666665,2.3333333333333335
qwen2.5:7b,en,Peru,19,5.0,3.0,2.8333333333333335,4.0,4.166666666666667,2.0
qwen2.5:7b,en,Peru,20,5.0,2.8333333333333335,2.6666666666666665,3.6666666666666665,4.166666666666667,2.1666666666666665
qwen2.5:7b,en,Peru,21,5.0,3.0,3.6666666666666665,3.3333333333333335,4.333333333333333,2.1666666666666665
qwen2.5:7b,en,Peru,22,4.833333333333333,3.6666666666666665,3.5,4.833333333333333,4.666666666666667,2.6666666666666665
qwen2.5:7b,en,Peru,23,5.0,3.0,3.3333333333333335,3.5,3.8333333333333335,2.3333333333333335
qwen2.5:7b,en,Peru,24,5.0,2.6666666666666665,3.0,5.0,4.0,2.8333333333333335
qwen2.5:7b,en,Peru,25,5.0,3.0,3.0,2.8333333333333335,3.5,2.3333333333333335
qwen2.5:7b,en,Peru,26,5.0,2.6666666666666665,2.6666666666666665,3.5,4.666666666666667,2.6666666666666665
qwen2.5:7b,en,Peru,27,5.0,2.8333333333333335,3.1666666666666665,3.3333333333333335,3.8333333333333335,2.5
qwen2.5:7b,en,Peru,28,5.0,3.0,3.1666666666666665,3.5,4.166666666666667,1.8333333333333333
qwen2.5:7b,en,Peru,29,5.0,3.1666666666666665,2.8333333333333335,3.8333333333333335,3.8333333333333335,2.0
qwen2.5:7b,en,Peru,30,5.0,3.8333333333333335,3.3333333333333335,4.0,4.5,2.5
qwen2.5:7b,en,Peru,31,5.0,2.0,3.8333333333333335,3.8333333333333335,4.333333333333333,2.6666666666666665
qwen2.5:7b,en,Peru,32,5.0,2.6666666666666665,3.3333333333333335,3.3333333333333335,3.8333333333333335,2.0
qwen2.5:7b,en,Peru,33,5.0,2.1666666666666665,3.3333333333333335,3.5,3.6666666666666665,2.3333333333333335
qwen2.5:7b,en,Peru,34,5.0,3.1666666666666665,3.0,3.1666666666666665,4.166666666666667,2.3333333333333335
qwen2.5:7b,en,Peru,35,4.833333333333333,2.8333333333333335,3.0,3.0,3.0,2.0
qwen2.5:7b,en,Peru,36,5.0,2.8333333333333335,3.0,3.8333333333333335,4.5,2.5
qwen2.5:7b,en,Peru,37,5.0,3.1666666666666665,3.3333333333333335,4.0,4.833333333333333,2.8333333333333335
qwen2.5:7b,en,Peru,38,5.0,2.8333333333333335,2.8333333333333335,3.3333333333333335,3.8333333333333335,2.6666666666666665
qwen2.5:7b,en,Peru,39,5.0,3.3333333333333335,3.3333333333333335,4.333333333333333,4.666666666666667,2.8333333333333335
qwen2.5:7b,en,Peru,40,5.0,2.5,2.5,3.8333333333333335,4.166666666666667,2.0
qwen2.5:7b,en,Peru,41,5.0,3.0,3.0,3.8333333333333335,4.166666666666667,3.0
qwen2.5:7b,en,Peru,42,4.833333333333333,2.8333333333333335,2.8333333333333335,3.6666666666666665,3.5,2.1666666666666665
qwen2.5:7b,en,Peru,43,5.0,3.3333333333333335,2.6666666666666665,4.833333333333333,4.166666666666667,2.8333333333333335
qwen2.5:7b,en,Peru,44,5.0,3.3333333333333335,3.0,4.166666666666667,4.166666666666667,2.3333333333333335
qwen2.5:7b,en,Peru,45,5.0,3.1666666666666665,3.0,5.0,4.333333333333333,2.0
qwen2.5:7b,en,Peru,46,5.0,2.6666666666666665,3.0,4.333333333333333,4.0,2.5
qwen2.5:7b,en,Peru,47,5.0,3.5,3.1666666666666665,3.8333333333333335,4.5,2.3333333333333335
qwen2.5:7b,en,Peru,48,5.0,3.3333333333333335,3.3333333333333335,4.833333333333333,4.666666666666667,2.5
qwen2.5:7b,en,Peru,49,5.0,3.0,2.8333333333333335,3.8333333333333335,3.8333333333333335,2.5
qwen2.5:7b,es,none,2,4.166666666666667,2.3333333333333335,3.3333333333333335,2.1666666666666665,2.8333333333333335,2.0
qwen2.5:7b,es,none,3,4.166666666666667,3.1666666666666665,2.6666666666666665,2.6666666666666665,3.0,2.0
qwen2.5:7b,es,none,4,4.833333333333333,3.3333333333333335,3.1666666666666665,2.3333333333333335,3.0,1.8333333333333333
qwen2.5:7b,es,none,5,4.833333333333333,3.3333333333333335,2.5,2.1666666666666665,3.0,1.8333333333333333
qwen2.5:7b,es,none,6,4.833333333333333,2.8333333333333335,3.5,3.0,4.166666666666667,2.1666666666666665
qwen2.5:7b,es,none,7,4.833333333333333,3.1666666666666665,3.0,3.0,4.0,2.3333333333333335
qwen2.5:7b,es,none,8,5.0,4.0,2.8333333333333335,2.6666666666666665,4.833333333333333,2.6666666666666665
qwen2.5:7b,es,none,9,4.833333333333333,2.6666666666666665,2.6666666666666665,2.1666666666666665,2.8333333333333335,1.5
qwen2.5:7b,es,none,10,4.833333333333333,3.3333333333333335,2.8333333333333335,2.3333333333333335,2.8333333333333335,2.1666666666666665
qwen2.5:7b,es,none,11,4.833333333333333,2.6666666666666665,3.3333333333333335,2.1666666666666665,3.6666666666666665,1.8333333333333333
qwen2.5:7b,es,none,12,4.833333333333333,2.6666666666666665,3.1666666666666665,2.8333333333333335,4.166666666666667,2.5
qwen2.5:7b,es,none,13,4.666666666666667,3.5,3.0,2.3333333333333335,3.0,2.0
qwen2.5:7b,es,none,14,4.0,2.0,3.0,1.8333333333333333,3.6666666666666665,1.6666666666666667
qwen2.5:7b,es,none,15,5.0,3.3333333333333335,3.3333333333333335,2.6666666666666665,3.6666666666666665,1.8333333333333333
qwen2.5:7b,es,none,16,4.833333333333333,2.5,3.0,2.1666666666666665,2.8333333333333335,1.5
qwen2.5:7b,es,none,17,4.833333333333333,3.1666666666666665,2.8333333333333335,2.3333333333333335,2.8333333333333335,1.5
qwen2.5:7b,es,none,18,4.833333333333333,3.3333333333333335,2.6666666666666665,2.3333333333333335,3.0,2.1666666666666665
qwen2.5:7b,es,none,19,4.666666666666667,2.6666666666666665,2.6666666666666665,2.0,3.0,1.5
qwen2.5:7b,es,none,20,4.833333333333333,2.3333333333333335,3.0,2.1666666666666665,3.0,2.0
qwen2.5:7b,es,none,21,4.833333333333333,3.3333333333333335,3.1666666666666665,2.3333333333333335,3.6666666666666665,2.3333333333333335
qwen2.5:7b,es,none,22,4.0,2.5,2.6666666666666665,2.3333333333333335,3.0,2.3333333333333335
qwen2.5:7b,es,none,23,4.833333333333333,2.6666666666666665,3.3333333333333335,2.3333333333333335,3.8333333333333335,1.6666666666666667
qwen2.5:7b,es,none,24,5.0,3.3333333333333335,2.8333333333333335,2.1666666666666665,3.0,1.8333333333333333
qwen2.5:7b,es,none,25,5.0,2.8333333333333335,3.1666666666666665,2.1666666666666665,4.0,2.1666666666666665
qwen2.5:7b,es,none,26,4.666666666666667,3.3333333333333335,3.0,3.1666666666666665,4.833333333333333,2.6666666666666665
qwen2.5:7b,es,none,27,4.833333333333333,3.3333333333333335,2.8333333333333335,2.3333333333333335,4.0,1.8333333333333333
qwen2.5:7b,es,none,28,4.833333333333333,3.0,3.0,2.6666666666666665,3.8333333333333335,2.1666666666666665
qwen2.5:7b,es,none,29,4.833333333333333,3.3333333333333335,3.1666666666666665,2.6666666666666665,4.0,2.3333333333333335
qwen2.5:7b,es,none,30,4.833333333333333,2.3333333333333335,3.3333333333333335,2.3333333333333335,3.1666666666666665,1.6666666666666667
qwen2.5:7b,es,none,31,4.833333333333333,2.5,3.1666666666666665,2.1666666666666665,3.1666666666666665,2.1666666666666665
qwen2.5:7b,es,none,32,5.0,3.5,3.1666666666666665,2.3333333333333335,4.0,2.3333333333333335
qwen2.5:7b,es,none,33,4.5,3.3333333333333335,3.1666666666666665,2.3333333333333335,3.8333333333333335,2.0
qwen2.5:7b,es,none,34,4.833333333333333,2.6666666666666665,2.6666666666666665,2.6666666666666665,3.0,2.0
qwen2.5:7b,es,none,35,4.833333333333333,2.6666666666666665,3.3333333333333335,3.0,3.8333333333333335,2.5
qwen2.5:7b,es,none,36,4.833333333333333,3.5,2.6666666666666665,2.5,2.8333333333333335,2.5
qwen2.5:7b,es,none,37,4.833333333333333,3.5,2.6666666666666665,2.1666666666666665,3.5,2.0
qwen2.5:7b,es,none,38,4.833333333333333,2.5,3.3333333333333335,2.3333333333333335,4.166666666666667,2.3333333333333335
qwen2.5:7b,es,none,39,4.0,2.5,3.3333333333333335,2.1666666666666665,2.8333333333333335,1.5
qwen2.5:7b,es,none,40,4.833333333333333,3.3333333333333335,3.0,2.3333333333333335,3.8333333333333335,2.6666666666666665
qwen2.5:7b,es,none,41,5.0,3.1666666666666665,2.6666666666666665,2.6666666666666665,4.0,2.3333333333333335
qwen2.5:7b,es,none,42,4.833333333333333,3.0,3.1666666666666665,2.3333333333333335,4.0,2.1666666666666665
qwen2.5:7b,es,none,43,5.0,3.3333333333333335,3.0,2.3333333333333335,4.333333333333333,1.6666666666666667
qwen2.5:7b,es,none,44,4.666666666666667,3.0,2.6666666666666665,2.0,3.0,2.1666666666666665
qwen2.5:7b,es,none,45,4.833333333333333,3.3333333333333335,3.0,2.3333333333333335,3.3333333333333335,2.0
qwen2.5:7b,es,none,46,4.666666666666667,3.0,2.6666666666666665,2.1666666666666665,3.0,2.1666666666666665
qwen2.5:7b,es,none,47,4.5,3.1666666666666665,2.8333333333333335,2.5,4.166666666666667,2.5
qwen2.5:7b,es,none,48,5.0,3.6666666666666665,3.0,2.8333333333333335,3.5,2.0
qwen2.5:7b,es,none,49,4.666666666666667,2.6666666666666665,3.0,2.6666666666666665,3.0,2.1666666666666665
qwen2.5:7b,es,Argentina,0,4.833333333333333,3.3333333333333335,2.6666666666666665,2.5,2.8333333333333335,2.0
qwen2.5:7b,es,Argentina,1,4.833333333333333,2.1666666666666665,3.5,2.6666666666666665,3.0,2.0
qwen2.5:7b,es,Argentina,2,4.0,2.3333333333333335,2.8333333333333335,2.1666666666666665,2.8333333333333335,2.3333333333333335
qwen2.5:7b,es,Argentina,3,4.833333333333333,3.0,3.3333333333333335,2.6666666666666665,3.6666666666666665,1.6666666666666667
qwen2.5:7b,es,Argentina,4,5.0,3.0,3.3333333333333335,3.1666666666666665,4.666666666666667,2.5
qwen2.5:7b,es,Argentina,5,5.0,3.3333333333333335,3.0,2.6666666666666665,4.0,2.3333333333333335
qwen2.5:7b,es,Argentina,6,4.833333333333333,3.1666666666666665,3.1666666666666665,2.5,3.0,2.3333333333333335
qwen2.5:7b,es,Argentina,7,4.833333333333333,3.0,3.1666666666666665,2.6666666666666665,3.5,2.0
qwen2.5:7b,es,Argentina,8,4.0,2.5,3.3333333333333335,2.1666666666666665,2.8333333333333335,1.6666666666666667
qwen2.5:7b,es,Argentina,9,4.0,3.1666666666666665,3.0,2.1666666666666665,3.1666666666666665,2.3333333333333335
qwen2.5:7b,es,Argentina,10,4.833333333333333,2.8333333333333335,3.0,2.6666666666666665,3.3333333333333335,1.8333333333333333
qwen2.5:7b,es,Argentina,11,4.833333333333333,2.8333333333333335,3.3333333333333335,2.5,4.166666666666667,2.3333333333333335
qwen2.5:7b,es,Argentina,12,4.833333333333333,2.6666666666666665,3.0,2.5,3.0,2.0
qwen2.5:7b,es,Argentina,13,4.0,2.3333333333333335,3.3333333333333335,2.6666666666666665,3.6666666666666665,2.1666666666666665
qwen2.5:7b,es,Argentina,14,4.833333333333333,2.3333333333333335,2.8333333333333335,2.5,3.0,2.1666666666666665
qwen2.5:7b,es,Argentina,15,4.833333333333333,3.3333333333333335,2.6666666666666665,2.6666666666666665,3.6666666666666665,2.3333333333333335
qwen2.5:7b,es,Argentina,16,4.833333333333333,3.3333333333333335,3.0,2.3333333333333335,3.6666666666666665,2.1666666666666665
qwen2.5:7b,es,Argentina,17,4.0,2.5,3.3333333333333335,2.1666666666666665,3.6666666666666665,2.0
qwen2.5:7b,es,Argentina,18,4.833333333333333,3.0,3.3333333333333335,2.1666666666666665,2.8333333333333335,1.5
qwen2.5:7b,es,Argentina,19,5.0,2.3333333333333335,3.6666666666666665,2.5,4.0,1.8333333333333333
qwen2.5:7b,es,Argentina,20,4.833333333333333,2.6666666666666665,2.6666666666666665,2.8333333333333335,3.0,1.8333333333333333
qwen2.5:7b,es,Argentina,21,5.0,3.0,3.1666666666666665,2.3333333333333335,4.0,2.5
qwen2.5:7b,es,Argentina,22,4.833333333333333,2.1666666666666665,3.3333333333333335,3.1666666666666665,3.8333333333333335,2.1666666666666665
qwen2.5:7b,es,Argentina,23,4.833333333333333,2.1666666666666665,3.1666666666666665,2.8333333333333335,3.0,2.3333333333333335
qwen2.5:7b,es,Argentina,24,4.0,2.6666666666666665,2.8333333333333335,2.1666666666666665,3.5,1.8333333333333333
qwen2.5:7b,es,Argentina,25,4.0,2.5,3.3333333333333335,2.6666666666666665,3.5,1.8333333333333333
qwen2.5:7b,es,Argentina,26,4.0,2.1666666666666665,3.3333333333333335,2.3333333333333335,3.6666666666666665,2.1666666666666665
qwen2.5:7b,es,Argentina,27,5.0,2.6666666666666665,2.6666666666666665,2.3333333333333335,3.8333333333333335,1.8333333333333333
qwen2.5:7b,es,Argentina,28,4.0,2.3333333333333335,3.0,2.5,3.0,2.0
qwen2.5:7b,es,Argentina,29,5.0,3.6666666666666665,3.1666666666666665,2.8333333333333335,4.0,2.5
qwen2.5:7b,es,Argentina,30,4.833333333333333,3.3333333333333335,2.6666666666666665,2.6666666666666665,3.6666666666666665,2.1666666666666665
qwen2.5:7b,es,Argentina,31,4.0,2.6666666666666665,3.0,2.3333333333333335,3.0,1.6666666666666667
qwen2.5:7b,es,Argentina,32,4.0,2.6666666666666665,2.8333333333333335,2.1666666666666665,3.1666666666666665,1.8333333333333333
qwen2.5:7b,es,Argentina,33,4.833333333333333,2.8333333333333335,2.8333333333333335,2.3333333333333335,3.0,1.8333333333333333
qwen2.5:7b,es,Argentina,34,5.0,3.1666666666666665,3.6666666666666665,3.1666666666666665,4.0,2.8333333333333335
qwen2.5:7b,es,Argentina,35,5.0,3.1666666666666665,2.8333333333333335,2.5,3.8333333333333335,2.0
qwen2.5:7b,es,Argentina,36,4.833333333333333,3.1666666666666665,2.8333333333333335,2.5,3.3333333333333335,2.1666666666666665
qwen2.5:7b,es,Argentina,37,4.833333333333333,2.8333333333333335,3.1666666666666665,2.3333333333333335,3.6666666666666665,1.6666666666666667
qwen2.5:7b,es,Argentina,38,4.833333333333333,2.5,3.0,2.8333333333333335,3.6666666666666665,1.6666666666666667
qwen2.5:7b,es,Argentina,39,4.166666666666667,3.0,3.0,2.5,4.0,2.3333333333333335
qwen2.5:7b,es,Argentina,40,5.0,2.5,3.6666666666666665,2.3333333333333335,3.8333333333333335,2.0
qwen2.5:7b,es,Argentina,41,4.0,2.5,3.3333333333333335,2.6666666666666665,3.0,2.0
qwen2.5:7b,es,Argentina,42,4.833333333333333,3.0,2.8333333333333335,2.1666666666666665,3.1666666666666665,1.8333333333333333
qwen2.5:7b,es,Argentina,43,4.833333333333333,2.6666666666666665,3.0,2.6666666666666665,3.6666666666666665,2.1666666666666665
qwen2.5:7b,es,Argentina,44,5.0,3.5,4.166666666666667,3.3333333333333335,4.0,2.5
qwen2.5:7b,es,Argentina,45,4.833333333333333,3.0,3.6666666666666665,2.5,3.8333333333333335,2.1666666666666665
qwen2.5:7b,es,Argentina,46,4.833333333333333,3.0,2.8333333333333335,2.5,3.6666666666666665,2.1666666666666665
qwen2.5:7b,es,Argentina,47,4.833333333333333,3.0,3.0,2.5,3.0,1.8333333333333333
qwen2.5:7b,es,Argentina,48,4.833333333333333,3.0,3.6666666666666665,2.6666666666666665,3.6666666666666665,1.5
qwen2.5:7b,es,Argentina,49,4.0,2.8333333333333335,2.8333333333333335,2.6666666666666665,3.3333333333333335,1.8333333333333333
qwen2.5:7b,es,Chile,0,4.0,2.3333333333333335,3.3333333333333335,2.1666666666666665,3.5,1.6666666666666667
qwen2.5:7b,es,Chile,1,4.833333333333333,2.3333333333333335,3.1666666666666665,2.8333333333333335,3.6666666666666665,2.3333333333333335
qwen2.5:7b,es,Chile,2,4.833333333333333,2.8333333333333335,2.8333333333333335,2.3333333333333335,3.0,2.1666666666666665
qwen2.5:7b,es,Chile,3,4.833333333333333,2.6666666666666665,3.3333333333333335,3.0,2.8333333333333335,1.8333333333333333
qwen2.5:7b,es,Chile,4,4.833333333333333,2.8333333333333335,3.3333333333333335,2.8333333333333335,3.8333333333333335,2.3333333333333335
qwen2.5:7b,es,Chile,5,4.833333333333333,2.6666666666666665,3.3333333333333335,3.0,3.6666666666666665,2.3333333333333335
qwen2.5:7b,es,Chile,6,4.833333333333333,3.3333333333333335,3.1666666666666665,3.1666666666666665,4.0,2.3333333333333335
qwen2.5:7b,es,Chile,7,4.833333333333333,3.0,3.0,2.5,2.8333333333333335,1.8333333333333333
qwen2.5:7b,es,Chile,8,4.833333333333333,2.5,3.5,2.3333333333333335,3.8333333333333335,1.6666666666666667
qwen2.5:7b,es,Chile,9,5.0,3.1666666666666665,3.3333333333333335,3.1666666666666665,4.0,2.0
qwen2.5:7b,es,Chile,10,4.833333333333333,2.5,3.3333333333333335,2.6666666666666665,3.6666666666666665,2.0
qwen2.5:7b,es,Chile,11,4.833333333333333,3.1666666666666665,2.8333333333333335,2.3333333333333335,3.8333333333333335,1.5
qwen2.5:7b,es,Chile,12,4.833333333333333,2.5,3.3333333333333335,3.0,3.0,2.1666666666666665
qwen2.5:7b,es,Chile,13,5.0,2.8333333333333335,3.8333333333333335,4.0,4.833333333333333,3.1666666666666665
qwen2.5:7b,es,Chile,14,5.0,3.6666666666666665,3.1666666666666665,3.1666666666666665,4.0,2.3333333333333335
qwen2.5:7b,es,Chile,15,4.833333333333333,3.1666666666666665,3.0,3.6666666666666665,4.0,2.1666666666666665
qwen2.5:7b,es,Chile,16,4.833333333333333,2.6666666666666665,2.5,2.5,3.0,2.3333333333333335
qwen2.5:7b,es,Chile,17,4.833333333333333,2.8333333333333335,3.0,3.3333333333333335,4.0,2.3333333333333335
qwen2.5:7b,es,Chile,18,4.0,3.0,3.3333333333333335,2.6666666666666665,3.6666666666666665,2.1666666666666665
qwen2.5:7b,es,Chile,19,4.833333333333333,3.5,3.1666666666666665,3.0,3.5,2.3333333333333335
qwen2.5:7b,es,Chile,20,5.0,3.6666666666666665,2.8333333333333335,2.6666666666666665,3.8333333333333335,2.0
qwen2.5:7b,es,Chile,21,4.0,3.0,3.0,2.0,3.3333333333333335,1.3333333333333333
qwen2.5:7b,es,Chile,22,4.833333333333333,2.8333333333333335,3.0,2.6666666666666665,3.0,1.8333333333333333
qwen2.5:7b,es,Chile,23,5.0,3.1666666666666665,2.6666666666666665,2.8333333333333335,3.8333333333333335,2.5
qwen2.5:7b,es,Chile,24,4.833333333333333,3.0,3.1666666666666665,2.3333333333333335,3.6666666666666665,2.3333333333333335
qwen2.5:7b,es,Chile,25,4.833333333333333,3.3333333333333335,2.8333333333333335,2.5,3.5,1.8333333333333333
qwen2.5:7b,es,Chile,26,4.833333333333333,2.5,3.3333333333333335,2.8333333333333335,3.6666666666666665,1.6666666666666667
qwen2.5:7b,es,Chile,27,4.833333333333333,2.3333333333333335,3.1666666666666665,3.0,3.8333333333333335,1.6666666666666667
qwen2.5:7b,es,Chile,28,4.833333333333333,2.6666666666666665,2.6666666666666665,2.6666666666666665,3.3333333333333335,1.5
qwen2.5:7b,es,Chile,29,4.0,2.5,2.6666666666666665,2.5,3.0,2.0
qwen2.5:7b,es,Chile,30,4.833333333333333,3.0,2.5,2.1666666666666665,3.5,1.8333333333333333
qwen2.5:7b,es,Chile,31,5.0,3.1666666666666665,2.8333333333333335,2.8333333333333335,3.8333333333333335,2.0
qwen2.5:7b,es,Chile,32,4.833333333333333,3.0,3.0,2.6666666666666665,3.8333333333333335,2.3333333333333335
qwen2.5:7b,es,Chile,33,4.833333333333333,2.6666666666666665,3.3333333333333335,2.6666666666666665,3.6666666666666665,2.5
qwen2.5:7b,es,Chile,34,5.0,3.1666666666666665,2.8333333333333335,2.5,4.166666666666667,1.8333333333333333
qwen2.5:7b,es,Chile,35,4.833333333333333,2.6666666666666665,3.3333333333333335,2.8333333333333335,3.6666666666666665,1.5
qwen2.5:7b,es,Chile,36,5.0,3.1666666666666665,3.0,2.6666666666666665,3.6666666666666665,2.3333333333333335
qwen2.5:7b,es,Chile,37,4.833333333333333,2.8333333333333335,3.3333333333333335,3.3333333333333335,3.6666666666666665,2.5
qwen2.5:7b,es,Chile,38,5.0,3.1666666666666665,3.0,2.1666666666666665,3.3333333333333335,2.0
qwen2.5:7b,es,Chile,39,4.0,2.5,3.3333333333333335,2.8333333333333335,3.8333333333333335,1.5
qwen2.5:7b,es,Chile,40,4.833333333333333,3.0,2.6666666666666665,2.6666666666666665,4.0,2.1666666666666665
qwen2.5:7b,es,Chile,41,4.833333333333333,3.6666666666666665,2.6666666666666665,3.1666666666666665,3.8333333333333335,2.1666666666666665
qwen2.5:7b,es,Chile,42,4.833333333333333,2.5,3.6666666666666665,3.8333333333333335,3.8333333333333335,2.3333333333333335
qwen2.5:7b,es,Chile,43,4.0,2.5,3.0,2.6666666666666665,3.0,2.1666666666666665
qwen2.5:7b,es,Chile,44,5.0,3.3333333333333335,3.1666666666666665,3.0,3.6666666666666665,2.0
qwen2.5:7b,es,Chile,45,4.0,2.6666666666666665,2.6666666666666665,2.5,2.8333333333333335,2.1666666666666665
qwen2.5:7b,es,Chile,46,4.666666666666667,2.5,3.0,2.6666666666666665,3.0,2.1666666666666665
qwen2.5:7b,es,Chile,47,4.833333333333333,2.5,3.8333333333333335,3.1666666666666665,4.0,2.0
qwen2.5:7b,es,Chile,48,4.833333333333333,2.8333333333333335,3.5,3.0,3.6666666666666665,2.1666666666666665
qwen2.5:7b,es,Chile,49,4.0,2.5,3.1666666666666665,2.1666666666666665,3.5,1.8333333333333333
qwen2.5:7b,es,Colombia,0,4.833333333333333,2.5,3.1666666666666665,2.1666666666666665,3.5,2.1666666666666665
qwen2.5:7b,es,Colombia,1,5.0,2.8333333333333335,3.3333333333333335,3.3333333333333335,3.6666666666666665,1.5
qwen2.5:7b,es,Colombia,2,4.0,2.3333333333333335,3.3333333333333335,2.1666666666666665,3.5,1.8333333333333333
qwen2.5:7b,es,Colombia,3,4.0,3.6666666666666665,2.5,2.3333333333333335,3.3333333333333335,2.5
qwen2.5:7b,es,Colombia,4,4.833333333333333,2.6666666666666665,3.1666666666666665,2.5,3.5,2.0
qwen2.5:7b,es,Colombia,5,4.833333333333333,2.5,3.5,3.5,4.0,2.1666666666666665
qwen2.5:7b,es,Colombia,6,4.833333333333333,3.3333333333333335,2.8333333333333335,2.6666666666666665,3.8333333333333335,2.0
qwen2.5:7b,es,Colombia,7,4.833333333333333,3.3333333333333335,3.3333333333333335,3.1666666666666665,4.0,2.5
qwen2.5:7b,es,Colombia,8,4.0,2.3333333333333335,3.3333333333333335,2.5,3.6666666666666665,1.5
qwen2.5:7b,es,Colombia,9,4.0,2.5,3.0,2.5,3.5,1.8333333333333333
qwen2.5:7b,es,Colombia,10,4.0,2.5,3.3333333333333335,3.0,4.0,2.3333333333333335
qwen2.5:7b,es,Colombia,11,5.0,3.3333333333333335,3.0,2.8333333333333335,4.333333333333333,1.6666666666666667
qwen2.5:7b,es,Colombia,12,4.833333333333333,2.6666666666666665,3.3333333333333335,3.3333333333333335,3.6666666666666665,2.5
qwen2.5:7b,es,Colombia,13,4.833333333333333,2.8333333333333335,2.6666666666666665,2.6666666666666665,3.5,1.8333333333333333
qwen2.5:7b,es,Colombia,14,4.833333333333333,2.6666666666666665,3.3333333333333335,3.3333333333333335,4.0,2.1666666666666665
qwen2.5:7b,es,Colombia,15,4.833333333333333,2.6666666666666665,3.0,2.8333333333333335,3.3333333333333335,2.1666666666666665
qwen2.5:7b,es,Colombia,16,4.833333333333333,2.8333333333333335,3.0,2.1666666666666665,3.5,2.1666666666666665
qwen2.5:7b,es,Colombia,17,4.833333333333333,3.0,2.6666666666666665,2.5,3.6666666666666665,2.1666666666666665
qwen2.5:7b,es,Colombia,18,4.833333333333333,2.5,3.3333333333333335,2.8333333333333335,3.6666666666666665,2.0
qwen2.5:7b,es,Colombia,19,4.833333333333333,3.1666666666666665,3.0,3.6666666666666665,4.0,2.5
qwen2.5:7b,es,Colombia,20,4.833333333333333,3.1666666666666665,2.8333333333333335,3.3333333333333335,3.8333333333333335,2.1666666666666665
qwen2.5:7b,es,Colombia,21,4.0,2.5,3.3333333333333335,3.0,3.3333333333333335,1.8333333333333333
qwen2.5:7b,es,Colombia,22,4.833333333333333,3.1666666666666665,2.8333333333333335,2.8333333333333335,4.0,2.0
qwen2.5:7b,es,Colombia,23,4.0,2.8333333333333335,3.0,3.3333333333333335,3.8333333333333335,2.3333333333333335
qwen2.5:7b,es,Colombia,24,4.5,3.1666666666666665,3.1666666666666665,2.8333333333333335,3.8333333333333335,2.6666666666666665
qwen2.5:7b,es,Colombia,25,4.833333333333333,2.6666666666666665,3.1666666666666665,2.5,3.6666666666666665,1.6666666666666667
qwen2.5:7b,es,Colombia,26,4.833333333333333,3.0,3.0,3.5,4.0,2.1666666666666665
qwen2.5:7b,es,Colombia,27,4.833333333333333,2.6666666666666665,3.3333333333333335,3.5,4.0,2.1666666666666665
qwen2.5:7b,es,Colombia,28,4.833333333333333,2.6666666666666665,3.0,3.0,4.0,2.1666666666666665
qwen2.5:7b,es,Colombia,29,5.0,3.1666666666666665,4.0,3.0,3.5,2.1666666666666665
qwen2.5:7b,es,Colombia,30,4.0,2.6666666666666665,3.1666666666666665,2.1666666666666665,3.5,1.5
qwen2.5:7b,es,Colombia,31,5.0,3.0,2.6666666666666665,3.0,3.5,1.5
qwen2.5:7b,es,Colombia,32,5.0,3.3333333333333335,3.3333333333333335,3.3333333333333335,3.8333333333333335,2.0
qwen2.5:7b,es,Colombia,33,4.0,2.8333333333333335,3.1666666666666665,2.5,3.5,2.0
qwen2.5:7b,es,Colombia,34,4.0,2.5,3.3333333333333335,2.6666666666666665,3.5,2.1666666666666665
qwen2.5:7b,es,Colombia,35,5.0,3.1666666666666665,3.3333333333333335,2.5,4.0,2.3333333333333335
qwen2.5:7b,es,Colombia,36,4.833333333333333,3.3333333333333335,3.1666666666666665,2.6666666666666665,3.1666666666666665,1.8333333333333333
qwen2.5:7b,es,Colombia,37,5.0,2.8333333333333335,2.5,2.5,3.6666666666666665,2.0
qwen2.5:7b,es,Colombia,38,4.833333333333333,3.0,3.0,2.6666666666666665,3.6666666666666665,2.1666666666666665
qwen2.5:7b,es,Colombia,39,4.833333333333333,3.3333333333333335,3.1666666666666665,3.5,4.0,2.1666666666666665
qwen2.5:7b,es,Colombia,40,4.833333333333333,3.0,3.6666666666666665,2.8333333333333335,3.5,1.6666666666666667
qwen2.5:7b,es,Colombia,41,4.5,3.1666666666666665,2.8333333333333335,2.5,3.8333333333333335,1.8333333333333333
qwen2.5:7b,es,Colombia,42,4.666666666666667,3.0,3.1666666666666665,2.6666666666666665,4.0,2.3333333333333335
qwen2.5:7b,es,Colombia,43,4.833333333333333,2.5,3.1666666666666665,2.5,3.5,2.0
qwen2.5:7b,es,Colombia,44,4.833333333333333,2.6666666666666665,3.1666666666666665,2.3333333333333335,3.8333333333333335,1.6666666666666667
qwen2.5:7b,es,Colombia,45,4.0,2.3333333333333335,2.8333333333333335,2.6666666666666665,3.3333333333333335,2.0
qwen2.5:7b,es,Colombia,46,4.0,2.8333333333333335,3.3333333333333335,2.5,3.6666666666666665,2.5
qwen2.5:7b,es,Colombia,47,4.833333333333333,2.5,3.3333333333333335,3.0,3.8333333333333335,2.3333333333333335
qwen2.5:7b,es,Colombia,48,4.0,2.3333333333333335,3.3333333333333335,2.5,3.5,1.5
qwen2.5:7b,es,Colombia,49,4.0,2.8333333333333335,3.0,2.6666666666666665,3.8333333333333335,2.3333333333333335
qwen2.5:7b,es,Mexico,0,4.833333333333333,3.3333333333333335,3.1666666666666665,3.1666666666666665,4.0,2.0
qwen2.5:7b,es,Mexico,1,4.0,2.5,3.3333333333333335,2.6666666666666665,3.6666666666666665,2.3333333333333335
qwen2.5:7b,es,Mexico,2,4.833333333333333,3.3333333333333335,2.3333333333333335,3.0,4.166666666666667,2.0
qwen2.5:7b,es,Mexico,3,4.833333333333333,2.8333333333333335,3.0,3.5,3.6666666666666665,2.1666666666666665
qwen2.5:7b,es,Mexico,4,4.0,2.6666666666666665,3.1666666666666665,2.1666666666666665,3.5,2.1666666666666665
qwen2.5:7b,es,Mexico,5,4.833333333333333,2.1666666666666665,3.3333333333333335,3.3333333333333335,3.8333333333333335,2.3333333333333335
qwen2.5:7b,es,Mexico,6,4.833333333333333,2.3333333333333335,3.3333333333333335,2.1666666666666665,3.5,2.0
qwen2.5:7b,es,Mexico,7,4.666666666666667,2.3333333333333335,3.0,2.6666666666666665,3.0,2.0
qwen2.5:7b,es,Mexico,8,4.833333333333333,3.0,3.1666666666666665,2.3333333333333335,3.6666666666666665,1.6666666666666667
qwen2.5:7b,es,Mexico,9,5.0,2.6666666666666665,2.8333333333333335,2.6666666666666665,4.0,1.8333333333333333
qwen2.5:7b,es,Mexico,10,4.833333333333333,3.3333333333333335,2.8333333333333335,2.8333333333333335,3.8333333333333335,2.3333333333333335
qwen2.5:7b,es,Mexico,11,4.833333333333333,2.5,3.5,2.3333333333333335,3.5,1.6666666666666667
qwen2.5:7b,es,Mexico,12,4.833333333333333,2.6666666666666665,3.0,2.1666666666666665,3.0,2.1666666666666665
qwen2.5:7b,es,Mexico,13,4.833333333333333,2.8333333333333335,3.3333333333333335,3.5,4.0,2.3333333333333335
qwen2.5:7b,es,Mexico,14,4.833333333333333,3.0,3.0,2.3333333333333335,3.6666666666666665,2.1666666666666665
qwen2.5:7b,es,Mexico,15,5.0,3.6666666666666665,3.1666666666666665,3.0,4.0,3.0
qwen2.5:7b,es,Mexico,16,4.833333333333333,3.1666666666666665,3.0,2.6666666666666665,3.8333333333333335,2.1666666666666665
qwen2.5:7b,es,Mexico,17,4.166666666666667,2.3333333333333335,3.1666666666666665,2.5,3.0,2.1666666666666665
qwen2.5:7b,es,Mexico,18,4.833333333333333,2.1666666666666665,3.3333333333333335,2.8333333333333335,3.8333333333333335,2.1666666666666665
qwen2.5:7b,es,Mexico,19,4.833333333333333,3.1666666666666665,3.0,2.8333333333333335,3.8333333333333335,2.1666666666666665
qwen2.5:7b,es,Mexico,20,4.833333333333333,3.0,3.5,2.5,3.8333333333333335,1.6666666666666667
qwen2.5:7b,es,Mexico,21,4.833333333333333,2.6666666666666665,3.0,2.5,4.0,1.6666666666666667
qwen2.5:7b,es,Mexico,22,4.833333333333333,2.8333333333333335,3.3333333333333335,2.6666666666666665,3.6666666666666665,2.1666666666666665
qwen2.5:7b,es,Mexico,23,4.833333333333333,2.3333333333333335,3.0,2.8333333333333335,3.6666666666666665,2.0
qwen2.5:7b,es,Mexico,24,4.0,3.0,2.6666666666666665,2.5,3.5,2.1666666666666665
qwen2.5:7b,es,Mexico,25,4.833333333333333,2.1666666666666665,3.1666666666666665,2.6666666666666665,3.8333333333333335,2.3333333333333335
qwen2.5:7b,es,Mexico,26,4.833333333333333,2.3333333333333335,3.3333333333333335,2.6666666666666665,3.8333333333333335,2.3333333333333335
qwen2.5:7b,es,Mexico,27,4.666666666666667,2.5,2.6666666666666665,2.3333333333333335,2.8333333333333335,2.1666666666666665
qwen2.5:7b,es,Mexico,28,4.833333333333333,2.6666666666666665,3.3333333333333335,2.6666666666666665,3.8333333333333335,2.1666666666666665
qwen2.5:7b,es,Mexico,29,4.833333333333333,2.6666666666666665,3.3333333333333335,2.6666666666666665,3.6666666666666665,2.6666666666666665
qwen2.5:7b,es,Mexico,30,5.0,2.8333333333333335,2.6666666666666665,2.6666666666666665,3.5,2.0
qwen2.5:7b,es,Mexico,31,4.833333333333333,2.1666666666666665,3.1666666666666665,3.0,3.8333333333333335,2.1666666666666665
qwen2.5:7b,es,Mexico,32,4.5,3.0,3.1666666666666665,3.0,4.166666666666667,2.5
qwen2.5:7b,es,Mexico,33,4.833333333333333,3.0,3.3333333333333335,2.1666666666666665,3.6666666666666665,2.1666666666666665
qwen2.5:7b,es,Mexico,34,4.833333333333333,2.5,3.3333333333333335,3.0,3.8333333333333335,1.6666666666666667
qwen2.5:7b,es,Mexico,35,5.0,3.0,3.8333333333333335,3.1666666666666665,3.8333333333333335,2.3333333333333335
qwen2.5:7b,es,Mexico,36,4.833333333333333,3.1666666666666665,3.1666666666666665,3.3333333333333335,4.0,2.3333333333333335
qwen2.5:7b,es,Mexico,37,5.0,3.5,3.3333333333333335,3.0,3.8333333333333335,2.3333333333333335
qwen2.5:7b,es,Mexico,38,4.833333333333333,2.6666666666666665,3.1666666666666665,2.3333333333333335,3.6666666666666665,1.6666666666666667
qwen2.5:7b,es,Mexico,39,4.0,3.0,3.0,2.5,3.0,2.1666666666666665
qwen2.5:7b,es,Mexico,40,4.833333333333333,3.1666666666666665,3.0,2.6666666666666665,3.3333333333333335,2.1666666666666665
qwen2.5:7b,es,Mexico,41,5.0,3.3333333333333335,2.8333333333333335,2.6666666666666665,3.8333333333333335,2.3333333333333335
qwen2.5:7b,es,Mexico,42,4.833333333333333,2.3333333333333335,3.5,3.3333333333333335,4.0,2.3333333333333335
qwen2.5:7b,es,Mexico,43,4.833333333333333,2.8333333333333335,3.3333333333333335,2.5,3.6666666666666665,1.5
qwen2.5:7b,es,Mexico,44,4.0,2.5,3.3333333333333335,2.1666666666666665,3.5,1.6666666666666667
qwen2.5:7b,es,Mexico,45,4.833333333333333,2.6666666666666665,3.3333333333333335,3.0,3.0,2.1666666666666665
qwen2.5:7b,es,Mexico,46,4.833333333333333,2.6666666666666665,3.3333333333333335,2.3333333333333335,3.5,1.6666666666666667
qwen2.5:7b,es,Mexico,47,4.0,2.8333333333333335,2.6666666666666665,2.3333333333333335,3.3333333333333335,1.8333333333333333
qwen2.5:7b,es,Mexico,48,5.0,2.6666666666666665,3.5,2.8333333333333335,3.6666666666666665,1.6666666666666667
qwen2.5:7b,es,Mexico,49,4.5,3.3333333333333335,2.3333333333333335,2.8333333333333335,4.166666666666667,2.3333333333333335
qwen2.5:7b,es,Peru,2,4.0,2.6666666666666665,3.1666666666666665,3.3333333333333335,3.6666666666666665,2.1666666666666665
qwen2.5:7b,es,Peru,3,4.833333333333333,3.0,2.6666666666666665,3.5,3.8333333333333335,2.1666666666666665
qwen2.5:7b,es,Peru,4,4.833333333333333,3.3333333333333335,3.0,3.1666666666666665,3.6666666666666665,2.1666666666666665
qwen2.5:7b,es,Peru,5,5.0,2.8333333333333335,3.6666666666666665,3.5,4.0,2.1666666666666665
qwen2.5:7b,es,Peru,6,4.833333333333333,3.1666666666666665,3.0,3.5,3.6666666666666665,2.1666666666666665
qwen2.5:7b,es,Peru,7,4.833333333333333,3.1666666666666665,3.5,3.6666666666666665,4.0,2.1666666666666665
qwen2.5:7b,es,Peru,8,4.833333333333333,2.8333333333333335,3.0,3.6666666666666665,3.8333333333333335,2.0
qwen2.5:7b,es,Peru,9,4.833333333333333,2.8333333333333335,3.8333333333333335,4.5,4.833333333333333,2.5
qwen2.5:7b,es,Peru,10,4.0,3.0,2.6666666666666665,3.3333333333333335,4.0,2.0
qwen2.5:7b,es,Peru,11,4.833333333333333,3.0,3.0,3.3333333333333335,3.6666666666666665,2.1666666666666665
qwen2.5:7b,es,Peru,12,4.833333333333333,3.0,3.0,2.3333333333333335,3.3333333333333335,2.3333333333333335
qwen2.5:7b,es,Peru,13,4.833333333333333,2.5,3.3333333333333335,4.166666666666667,4.666666666666667,2.5
qwen2.5:7b,es,Peru,14,4.833333333333333,2.5,3.1666666666666665,3.3333333333333335,3.6666666666666665,1.6666666666666667
qwen2.5:7b,es,Peru,15,4.833333333333333,3.1666666666666665,2.8333333333333335,2.6666666666666665,3.8333333333333335,2.3333333333333335
qwen2.5:7b,es,Peru,16,4.833333333333333,2.5,3.1666666666666665,4.0,3.8333333333333335,2.1666666666666665
qwen2.5:7b,es,Peru,17,4.833333333333333,2.6666666666666665,3.3333333333333335,3.8333333333333335,4.0,2.3333333333333335
qwen2.5:7b,es,Peru,18,4.833333333333333,2.6666666666666665,2.6666666666666665,2.5,3.8333333333333335,2.1666666666666665
qwen2.5:7b,es,Peru,19,5.0,3.3333333333333335,4.333333333333333,3.3333333333333335,4.833333333333333,2.3333333333333335
qwen2.5:7b,es,Peru,20,4.833333333333333,2.8333333333333335,3.3333333333333335,3.0,4.0,2.0
qwen2.5:7b,es,Peru,21,4.0,2.5,3.3333333333333335,3.0,3.8333333333333335,2.0
qwen2.5:7b,es,Peru,22,5.0,2.1666666666666665,3.3333333333333335,3.1666666666666665,3.8333333333333335,2.0
qwen2.5:7b,es,Peru,23,4.833333333333333,3.0,3.1666666666666665,2.3333333333333335,3.6666666666666665,2.1666666666666665
qwen2.5:7b,es,Peru,24,4.0,2.6666666666666665,3.6666666666666665,3.5,4.0,2.3333333333333335
qwen2.5:7b,es,Peru,25,4.833333333333333,2.6666666666666665,3.5,3.5,4.0,2.3333333333333335
qwen2.5:7b,es,Peru,26,4.833333333333333,3.0,3.8333333333333335,4.666666666666667,4.5,2.6666666666666665
qwen2.5:7b,es,Peru,27,4.833333333333333,2.6666666666666665,3.1666666666666665,3.5,4.0,2.1666666666666665
qwen2.5:7b,es,Peru,28,4.833333333333333,3.1666666666666665,3.1666666666666665,2.5,3.6666666666666665,1.8333333333333333
qwen2.5:7b,es,Peru,29,4.0,2.5,3.3333333333333335,2.8333333333333335,4.0,1.6666666666666667
qwen2.5:7b,es,Peru,30,4.833333333333333,3.1666666666666665,3.3333333333333335,2.8333333333333335,3.6666666666666665,2.1666666666666665
qwen2.5:7b,es,Peru,31,4.833333333333333,3.0,2.8333333333333335,3.5,3.6666666666666665,2.1666666666666665
qwen2.5:7b,es,Peru,32,5.0,2.8333333333333335,3.8333333333333335,3.3333333333333335,3.8333333333333335,2.1666666666666665
qwen2.5:7b,es,Peru,33,5.0,2.6666666666666665,3.8333333333333335,4.0,4.833333333333333,2.1666666666666665
qwen2.5:7b,es,Peru,34,4.833333333333333,3.3333333333333335,2.8333333333333335,3.6666666666666665,3.8333333333333335,2.1666666666666665
qwen2.5:7b,es,Peru,35,5.0,3.0,3.8333333333333335,4.333333333333333,5.0,3.0
qwen2.5:7b,es,Peru,36,4.833333333333333,3.1666666666666665,2.6666666666666665,2.6666666666666665,3.8333333333333335,2.1666666666666665
qwen2.5:7b,es,Peru,37,4.0,1.8333333333333333,3.3333333333333335,2.6666666666666665,3.5,1.5
qwen2.5:7b,es,Peru,38,4.833333333333333,2.6666666666666665,3.3333333333333335,3.6666666666666665,3.6666666666666665,2.1666666666666665
qwen2.5:7b,es,Peru,39,4.833333333333333,3.3333333333333335,3.0,3.3333333333333335,4.0,2.1666666666666665
qwen2.5:7b,es,Peru,40,5.0,2.8333333333333335,3.1666666666666665,3.3333333333333335,4.333333333333333,2.3333333333333335
qwen2.5:7b,es,Peru,41,4.0,2.8333333333333335,2.6666666666666665,2.6666666666666665,3.0,2.0
qwen2.5:7b,es,Peru,42,5.0,2.0,4.0,4.0,5.0,2.3333333333333335
qwen2.5:7b,es,Peru,43,4.833333333333333,3.1666666666666665,3.5,3.8333333333333335,4.0,2.1666666666666665
qwen2.5:7b,es,Peru,44,4.5,2.6666666666666665,3.1666666666666665,3.0,4.166666666666667,2.8333333333333335
qwen2.5:7b,es,Peru,45,5.0,3.0,3.8333333333333335,3.3333333333333335,4.0,2.3333333333333335
qwen2.5:7b,es,Peru,46,4.833333333333333,2.6666666666666665,3.3333333333333335,3.8333333333333335,4.0,2.1666666666666665
qwen2.5:7b,es,Peru,47,4.833333333333333,3.3333333333333335,2.5,2.5,3.8333333333333335,1.8333333333333333
qwen2.5:7b,es,Peru,48,4.833333333333333,2.8333333333333335,4.0,4.333333333333333,5.0,2.8333333333333335
qwen2.5:7b,es,Peru,49,5.0,3.0,4.0,3.6666666666666665,5.0,2.3333333333333335
